,anio,mes,alcaldia,numero_denuncias
0,2016,Enero,ALVARO OBREGON,86
1,2016,Febrero,ALVARO OBREGON,110
2,2016,Marzo,ALVARO OBREGON,89
3,2016,Abril,ALVARO OBREGON,110
4,2016,Mayo,ALVARO OBREGON,135
5,2016,Junio,ALVARO OBREGON,134
6,2016,Julio,ALVARO OBREGON,118
7,2016,Agosto,ALVARO OBREGON,126
8,2016,Septiembre,ALVARO OBREGON,121
9,2016,Octubre,ALVARO OBREGON,105
10,2016,Noviembre,ALVARO OBREGON,88
11,2016,Diciembre,ALVARO OBREGON,108
12,2017,Enero,ALVARO OBREGON,99
13,2017,Febrero,ALVARO OBREGON,81
14,2017,Marzo,ALVARO OBREGON,110
15,2017,Abril,ALVARO OBREGON,95
16,2017,Mayo,ALVARO OBREGON,110
17,2017,Junio,ALVARO OBREGON,116
18,2017,Julio,ALVARO OBREGON,96
19,2017,Agosto,ALVARO OBREGON,118
20,2017,Septiembre,ALVARO OBREGON,78
21,2017,Octubre,ALVARO OBREGON,112
22,2017,Noviembre,ALVARO OBREGON,99
23,2017,Diciembre,ALVARO OBREGON,110
24,2018,Enero,ALVARO OBREGON,89
25,2018,Febrero,ALVARO OBREGON,120
26,2018,Marzo,ALVARO OBREGON,139
27,2018,Abril,ALVARO OBREGON,133
28,2018,Mayo,ALVARO OBREGON,106
29,2018,Junio,ALVARO OBREGON,127
30,2018,Julio,ALVARO OBREGON,139
31,2018,Agosto,ALVARO OBREGON,155
32,2018,Septiembre,ALVARO OBREGON,147
33,2018,Octubre,ALVARO OBREGON,123
34,2018,Noviembre,ALVARO OBREGON,142
35,2018,Diciembre,ALVARO OBREGON,123
36,2019,Enero,ALVARO OBREGON,143
37,2019,Febrero,ALVARO OBREGON,157
38,2019,Marzo,ALVARO OBREGON,178
39,2019,Abril,ALVARO OBREGON,181
40,2019,Mayo,ALVARO OBREGON,202
41,2019,Junio,ALVARO OBREGON,144
42,2019,Julio,ALVARO OBREGON,155
43,2019,Agosto,ALVARO OBREGON,192
44,2019,Septiembre,ALVARO OBREGON,181
45,2019,Octubre,ALVARO OBREGON,151
46,2019,Noviembre,ALVARO OBREGON,167
47,2019,Diciembre,ALVARO OBREGON,182
48,2020,Enero,ALVARO OBREGON,155
49,2020,Febrero,ALVARO OBREGON,183
50,2020,Marzo,ALVARO OBREGON,178
51,2020,Abril,ALVARO OBREGON,144
52,2020,Mayo,ALVARO OBREGON,115
60,2016,Enero,AZCAPOTZALCO,68
61,2016,Febrero,AZCAPOTZALCO,65
62,2016,Marzo,AZCAPOTZALCO,88
63,2016,Abril,AZCAPOTZALCO,86
64,2016,Mayo,AZCAPOTZALCO,81
65,2016,Junio,AZCAPOTZALCO,67
66,2016,Julio,AZCAPOTZALCO,58
67,2016,Agosto,AZCAPOTZALCO,65
68,2016,Septiembre,AZCAPOTZALCO,68
69,2016,Octubre,AZCAPOTZALCO,61
70,2016,Noviembre,AZCAPOTZALCO,50
71,2016,Diciembre,AZCAPOTZALCO,37
72,2017,Enero,AZCAPOTZALCO,69
73,2017,Febrero,AZCAPOTZALCO,68
74,2017,Marzo,AZCAPOTZALCO,74
75,2017,Abril,AZCAPOTZALCO,83
76,2017,Mayo,AZCAPOTZALCO,76
77,2017,Junio,AZCAPOTZALCO,63
78,2017,Julio,AZCAPOTZALCO,67
79,2017,Agosto,AZCAPOTZALCO,65
80,2017,Septiembre,AZCAPOTZALCO,65
81,2017,Octubre,AZCAPOTZALCO,50
82,2017,Noviembre,AZCAPOTZALCO,74
83,2017,Diciembre,AZCAPOTZALCO,70
84,2018,Enero,AZCAPOTZALCO,64
85,2018,Febrero,AZCAPOTZALCO,77
86,2018,Marzo,AZCAPOTZALCO,88
87,2018,Abril,AZCAPOTZALCO,87
88,2018,Mayo,AZCAPOTZALCO,107
89,2018,Junio,AZCAPOTZALCO,57
90,2018,Julio,AZCAPOTZALCO,76
91,2018,Agosto,AZCAPOTZALCO,62
92,2018,Septiembre,AZCAPOTZALCO,81
93,2018,Octubre,AZCAPOTZALCO,75
94,2018,Noviembre,AZCAPOTZALCO,74
95,2018,Diciembre,AZCAPOTZALCO,70
96,2019,Enero,AZCAPOTZALCO,77
97,2019,Febrero,AZCAPOTZALCO,86
98,2019,Marzo,AZCAPOTZALCO,96
99,2019,Abril,AZCAPOTZALCO,106
100,2019,Mayo,AZCAPOTZALCO,108
101,2019,Junio,AZCAPOTZALCO,107
102,2019,Julio,AZCAPOTZALCO,112
103,2019,Agosto,AZCAPOTZALCO,128
104,2019,Septiembre,AZCAPOTZALCO,111
105,2019,Octubre,AZCAPOTZALCO,107
106,2019,Noviembre,AZCAPOTZALCO,92
107,2019,Diciembre,AZCAPOTZALCO,122
108,2020,Enero,AZCAPOTZALCO,132
109,2020,Febrero,AZCAPOTZALCO,137
110,2020,Marzo,AZCAPOTZALCO,143
111,2020,Abril,AZCAPOTZALCO,97
112,2020,Mayo,AZCAPOTZALCO,88
120,2016,Enero,BENITO JUAREZ,48
121,2016,Febrero,BENITO JUAREZ,49
122,2016,Marzo,BENITO JUAREZ,62
123,2016,Abril,BENITO JUAREZ,69
124,2016,Mayo,BENITO JUAREZ,82
125,2016,Junio,BENITO JUAREZ,57
126,2016,Julio,BENITO JUAREZ,69
127,2016,Agosto,BENITO JUAREZ,68
128,2016,Septiembre,BENITO JUAREZ,58
129,2016,Octubre,BENITO JUAREZ,60
130,2016,Noviembre,BENITO JUAREZ,54
131,2016,Diciembre,BENITO JUAREZ,53
132,2017,Enero,BENITO JUAREZ,52
133,2017,Febrero,BENITO JUAREZ,43
134,2017,Marzo,BENITO JUAREZ,80
135,2017,Abril,BENITO JUAREZ,44
136,2017,Mayo,BENITO JUAREZ,67
137,2017,Junio,BENITO JUAREZ,81
138,2017,Julio,BENITO JUAREZ,63
139,2017,Agosto,BENITO JUAREZ,61
140,2017,Septiembre,BENITO JUAREZ,59
141,2017,Octubre,BENITO JUAREZ,76
142,2017,Noviembre,BENITO JUAREZ,66
143,2017,Diciembre,BENITO JUAREZ,71
144,2018,Enero,BENITO JUAREZ,72
145,2018,Febrero,BENITO JUAREZ,51
146,2018,Marzo,BENITO JUAREZ,72
147,2018,Abril,BENITO JUAREZ,94
148,2018,Mayo,BENITO JUAREZ,72
149,2018,Junio,BENITO JUAREZ,67
150,2018,Julio,BENITO JUAREZ,63
151,2018,Agosto,BENITO JUAREZ,64
152,2018,Septiembre,BENITO JUAREZ,69
153,2018,Octubre,BENITO JUAREZ,81
154,2018,Noviembre,BENITO JUAREZ,70
155,2018,Diciembre,BENITO JUAREZ,75
156,2019,Enero,BENITO JUAREZ,74
157,2019,Febrero,BENITO JUAREZ,76
158,2019,Marzo,BENITO JUAREZ,93
159,2019,Abril,BENITO JUAREZ,85
160,2019,Mayo,BENITO JUAREZ,88
161,2019,Junio,BENITO JUAREZ,74
162,2019,Julio,BENITO JUAREZ,61
163,2019,Agosto,BENITO JUAREZ,74
164,2019,Septiembre,BENITO JUAREZ,77
165,2019,Octubre,BENITO JUAREZ,94
166,2019,Noviembre,BENITO JUAREZ,76
167,2019,Diciembre,BENITO JUAREZ,99
168,2020,Enero,BENITO JUAREZ,71
169,2020,Febrero,BENITO JUAREZ,88
170,2020,Marzo,BENITO JUAREZ,88
171,2020,Abril,BENITO JUAREZ,60
172,2020,Mayo,BENITO JUAREZ,46
180,2016,Enero,COYOACAN,84
181,2016,Febrero,COYOACAN,132
182,2016,Marzo,COYOACAN,110
183,2016,Abril,COYOACAN,140
184,2016,Mayo,COYOACAN,137
185,2016,Junio,COYOACAN,125
186,2016,Julio,COYOACAN,92
187,2016,Agosto,COYOACAN,109
188,2016,Septiembre,COYOACAN,86
189,2016,Octubre,COYOACAN,99
190,2016,Noviembre,COYOACAN,77
191,2016,Diciembre,COYOACAN,85
192,2017,Enero,COYOACAN,79
193,2017,Febrero,COYOACAN,97
194,2017,Marzo,COYOACAN,102
195,2017,Abril,COYOACAN,95
196,2017,Mayo,COYOACAN,120
197,2017,Junio,COYOACAN,105
198,2017,Julio,COYOACAN,97
199,2017,Agosto,COYOACAN,119
200,2017,Septiembre,COYOACAN,92
201,2017,Octubre,COYOACAN,93
202,2017,Noviembre,COYOACAN,89
203,2017,Diciembre,COYOACAN,96
204,2018,Enero,COYOACAN,83
205,2018,Febrero,COYOACAN,111
206,2018,Marzo,COYOACAN,131
207,2018,Abril,COYOACAN,134
208,2018,Mayo,COYOACAN,129
209,2018,Junio,COYOACAN,99
210,2018,Julio,COYOACAN,120
211,2018,Agosto,COYOACAN,111
212,2018,Septiembre,COYOACAN,112
213,2018,Octubre,COYOACAN,122
214,2018,Noviembre,COYOACAN,108
215,2018,Diciembre,COYOACAN,85
216,2019,Enero,COYOACAN,112
217,2019,Febrero,COYOACAN,122
218,2019,Marzo,COYOACAN,131
219,2019,Abril,COYOACAN,143
220,2019,Mayo,COYOACAN,162
221,2019,Junio,COYOACAN,116
222,2019,Julio,COYOACAN,145
223,2019,Agosto,COYOACAN,147
224,2019,Septiembre,COYOACAN,156
225,2019,Octubre,COYOACAN,136
226,2019,Noviembre,COYOACAN,137
227,2019,Diciembre,COYOACAN,114
228,2020,Enero,COYOACAN,146
229,2020,Febrero,COYOACAN,149
230,2020,Marzo,COYOACAN,179
231,2020,Abril,COYOACAN,129
232,2020,Mayo,COYOACAN,101
240,2016,Enero,CUAJIMALPA DE MORELOS,21
241,2016,Febrero,CUAJIMALPA DE MORELOS,16
242,2016,Marzo,CUAJIMALPA DE MORELOS,20
243,2016,Abril,CUAJIMALPA DE MORELOS,31
244,2016,Mayo,CUAJIMALPA DE MORELOS,20
245,2016,Junio,CUAJIMALPA DE MORELOS,29
246,2016,Julio,CUAJIMALPA DE MORELOS,19
247,2016,Agosto,CUAJIMALPA DE MORELOS,25
248,2016,Septiembre,CUAJIMALPA DE MORELOS,26
249,2016,Octubre,CUAJIMALPA DE MORELOS,28
250,2016,Noviembre,CUAJIMALPA DE MORELOS,25
251,2016,Diciembre,CUAJIMALPA DE MORELOS,20
252,2017,Enero,CUAJIMALPA DE MORELOS,17
253,2017,Febrero,CUAJIMALPA DE MORELOS,26
254,2017,Marzo,CUAJIMALPA DE MORELOS,21
255,2017,Abril,CUAJIMALPA DE MORELOS,23
256,2017,Mayo,CUAJIMALPA DE MORELOS,20
257,2017,Junio,CUAJIMALPA DE MORELOS,31
258,2017,Julio,CUAJIMALPA DE MORELOS,23
259,2017,Agosto,CUAJIMALPA DE MORELOS,24
260,2017,Septiembre,CUAJIMALPA DE MORELOS,23
261,2017,Octubre,CUAJIMALPA DE MORELOS,27
262,2017,Noviembre,CUAJIMALPA DE MORELOS,27
263,2017,Diciembre,CUAJIMALPA DE MORELOS,27
264,2018,Enero,CUAJIMALPA DE MORELOS,32
265,2018,Febrero,CUAJIMALPA DE MORELOS,18
266,2018,Marzo,CUAJIMALPA DE MORELOS,32
267,2018,Abril,CUAJIMALPA DE MORELOS,31
268,2018,Mayo,CUAJIMALPA DE MORELOS,42
269,2018,Junio,CUAJIMALPA DE MORELOS,36
270,2018,Julio,CUAJIMALPA DE MORELOS,32
271,2018,Agosto,CUAJIMALPA DE MORELOS,26
272,2018,Septiembre,CUAJIMALPA DE MORELOS,22
273,2018,Octubre,CUAJIMALPA DE MORELOS,32
274,2018,Noviembre,CUAJIMALPA DE MORELOS,39
275,2018,Diciembre,CUAJIMALPA DE MORELOS,30
276,2019,Enero,CUAJIMALPA DE MORELOS,34
277,2019,Febrero,CUAJIMALPA DE MORELOS,28
278,2019,Marzo,CUAJIMALPA DE MORELOS,48
279,2019,Abril,CUAJIMALPA DE MORELOS,34
280,2019,Mayo,CUAJIMALPA DE MORELOS,62
281,2019,Junio,CUAJIMALPA DE MORELOS,48
282,2019,Julio,CUAJIMALPA DE MORELOS,48
283,2019,Agosto,CUAJIMALPA DE MORELOS,43
284,2019,Septiembre,CUAJIMALPA DE MORELOS,39
285,2019,Octubre,CUAJIMALPA DE MORELOS,53
286,2019,Noviembre,CUAJIMALPA DE MORELOS,58
287,2019,Diciembre,CUAJIMALPA DE MORELOS,56
288,2020,Enero,CUAJIMALPA DE MORELOS,43
289,2020,Febrero,CUAJIMALPA DE MORELOS,49
290,2020,Marzo,CUAJIMALPA DE MORELOS,56
291,2020,Abril,CUAJIMALPA DE MORELOS,24
292,2020,Mayo,CUAJIMALPA DE MORELOS,26
300,2016,Enero,CUAUHTEMOC,134
301,2016,Febrero,CUAUHTEMOC,132
302,2016,Marzo,CUAUHTEMOC,116
303,2016,Abril,CUAUHTEMOC,151
304,2016,Mayo,CUAUHTEMOC,126
305,2016,Junio,CUAUHTEMOC,174
306,2016,Julio,CUAUHTEMOC,113
307,2016,Agosto,CUAUHTEMOC,130
308,2016,Septiembre,CUAUHTEMOC,111
309,2016,Octubre,CUAUHTEMOC,127
310,2016,Noviembre,CUAUHTEMOC,89
311,2016,Diciembre,CUAUHTEMOC,118
312,2017,Enero,CUAUHTEMOC,117
313,2017,Febrero,CUAUHTEMOC,84
314,2017,Marzo,CUAUHTEMOC,133
315,2017,Abril,CUAUHTEMOC,120
316,2017,Mayo,CUAUHTEMOC,142
317,2017,Junio,CUAUHTEMOC,124
318,2017,Julio,CUAUHTEMOC,123
319,2017,Agosto,CUAUHTEMOC,134
320,2017,Septiembre,CUAUHTEMOC,111
321,2017,Octubre,CUAUHTEMOC,108
322,2017,Noviembre,CUAUHTEMOC,109
323,2017,Diciembre,CUAUHTEMOC,95
324,2018,Enero,CUAUHTEMOC,118
325,2018,Febrero,CUAUHTEMOC,129
326,2018,Marzo,CUAUHTEMOC,162
327,2018,Abril,CUAUHTEMOC,147
328,2018,Mayo,CUAUHTEMOC,133
329,2018,Junio,CUAUHTEMOC,143
330,2018,Julio,CUAUHTEMOC,166
331,2018,Agosto,CUAUHTEMOC,138
332,2018,Septiembre,CUAUHTEMOC,170
333,2018,Octubre,CUAUHTEMOC,140
334,2018,Noviembre,CUAUHTEMOC,163
335,2018,Diciembre,CUAUHTEMOC,101
336,2019,Enero,CUAUHTEMOC,137
337,2019,Febrero,CUAUHTEMOC,151
338,2019,Marzo,CUAUHTEMOC,189
339,2019,Abril,CUAUHTEMOC,176
340,2019,Mayo,CUAUHTEMOC,181
341,2019,Junio,CUAUHTEMOC,184
342,2019,Julio,CUAUHTEMOC,169
343,2019,Agosto,CUAUHTEMOC,208
344,2019,Septiembre,CUAUHTEMOC,184
345,2019,Octubre,CUAUHTEMOC,177
346,2019,Noviembre,CUAUHTEMOC,210
347,2019,Diciembre,CUAUHTEMOC,188
348,2020,Enero,CUAUHTEMOC,158
349,2020,Febrero,CUAUHTEMOC,207
350,2020,Marzo,CUAUHTEMOC,205
351,2020,Abril,CUAUHTEMOC,122
352,2020,Mayo,CUAUHTEMOC,112
360,2016,Enero,GUSTAVO A MADERO,148
361,2016,Febrero,GUSTAVO A MADERO,158
362,2016,Marzo,GUSTAVO A MADERO,156
363,2016,Abril,GUSTAVO A MADERO,204
364,2016,Mayo,GUSTAVO A MADERO,203
365,2016,Junio,GUSTAVO A MADERO,198
366,2016,Julio,GUSTAVO A MADERO,138
367,2016,Agosto,GUSTAVO A MADERO,148
368,2016,Septiembre,GUSTAVO A MADERO,156
369,2016,Octubre,GUSTAVO A MADERO,141
370,2016,Noviembre,GUSTAVO A MADERO,153
371,2016,Diciembre,GUSTAVO A MADERO,131
372,2017,Enero,GUSTAVO A MADERO,137
373,2017,Febrero,GUSTAVO A MADERO,139
374,2017,Marzo,GUSTAVO A MADERO,157
375,2017,Abril,GUSTAVO A MADERO,171
376,2017,Mayo,GUSTAVO A MADERO,162
377,2017,Junio,GUSTAVO A MADERO,219
378,2017,Julio,GUSTAVO A MADERO,151
379,2017,Agosto,GUSTAVO A MADERO,171
380,2017,Septiembre,GUSTAVO A MADERO,182
381,2017,Octubre,GUSTAVO A MADERO,202
382,2017,Noviembre,GUSTAVO A MADERO,164
383,2017,Diciembre,GUSTAVO A MADERO,173
384,2018,Enero,GUSTAVO A MADERO,131
385,2018,Febrero,GUSTAVO A MADERO,174
386,2018,Marzo,GUSTAVO A MADERO,199
387,2018,Abril,GUSTAVO A MADERO,203
388,2018,Mayo,GUSTAVO A MADERO,188
389,2018,Junio,GUSTAVO A MADERO,186
390,2018,Julio,GUSTAVO A MADERO,183
391,2018,Agosto,GUSTAVO A MADERO,161
392,2018,Septiembre,GUSTAVO A MADERO,174
393,2018,Octubre,GUSTAVO A MADERO,175
394,2018,Noviembre,GUSTAVO A MADERO,176
395,2018,Diciembre,GUSTAVO A MADERO,156
396,2019,Enero,GUSTAVO A MADERO,176
397,2019,Febrero,GUSTAVO A MADERO,209
398,2019,Marzo,GUSTAVO A MADERO,260
399,2019,Abril,GUSTAVO A MADERO,252
400,2019,Mayo,GUSTAVO A MADERO,302
401,2019,Junio,GUSTAVO A MADERO,244
402,2019,Julio,GUSTAVO A MADERO,247
403,2019,Agosto,GUSTAVO A MADERO,300
404,2019,Septiembre,GUSTAVO A MADERO,306
405,2019,Octubre,GUSTAVO A MADERO,272
406,2019,Noviembre,GUSTAVO A MADERO,251
407,2019,Diciembre,GUSTAVO A MADERO,269
408,2020,Enero,GUSTAVO A MADERO,267
409,2020,Febrero,GUSTAVO A MADERO,320
410,2020,Marzo,GUSTAVO A MADERO,361
411,2020,Abril,GUSTAVO A MADERO,241
412,2020,Mayo,GUSTAVO A MADERO,232
420,2016,Enero,IZTACALCO,94
421,2016,Febrero,IZTACALCO,90
422,2016,Marzo,IZTACALCO,120
423,2016,Abril,IZTACALCO,128
424,2016,Mayo,IZTACALCO,130
425,2016,Junio,IZTACALCO,109
426,2016,Julio,IZTACALCO,92
427,2016,Agosto,IZTACALCO,79
428,2016,Septiembre,IZTACALCO,89
429,2016,Octubre,IZTACALCO,103
430,2016,Noviembre,IZTACALCO,78
431,2016,Diciembre,IZTACALCO,104
432,2017,Enero,IZTACALCO,95
433,2017,Febrero,IZTACALCO,83
434,2017,Marzo,IZTACALCO,99
435,2017,Abril,IZTACALCO,71
436,2017,Mayo,IZTACALCO,90
437,2017,Junio,IZTACALCO,99
438,2017,Julio,IZTACALCO,106
439,2017,Agosto,IZTACALCO,117
440,2017,Septiembre,IZTACALCO,107
441,2017,Octubre,IZTACALCO,107
442,2017,Noviembre,IZTACALCO,106
443,2017,Diciembre,IZTACALCO,69
444,2018,Enero,IZTACALCO,87
445,2018,Febrero,IZTACALCO,81
446,2018,Marzo,IZTACALCO,97
447,2018,Abril,IZTACALCO,109
448,2018,Mayo,IZTACALCO,111
449,2018,Junio,IZTACALCO,105
450,2018,Julio,IZTACALCO,124
451,2018,Agosto,IZTACALCO,133
452,2018,Septiembre,IZTACALCO,113
453,2018,Octubre,IZTACALCO,111
454,2018,Noviembre,IZTACALCO,96
455,2018,Diciembre,IZTACALCO,93
456,2019,Enero,IZTACALCO,109
457,2019,Febrero,IZTACALCO,104
458,2019,Marzo,IZTACALCO,126
459,2019,Abril,IZTACALCO,137
460,2019,Mayo,IZTACALCO,128
461,2019,Junio,IZTACALCO,123
462,2019,Julio,IZTACALCO,135
463,2019,Agosto,IZTACALCO,154
464,2019,Septiembre,IZTACALCO,131
465,2019,Octubre,IZTACALCO,130
466,2019,Noviembre,IZTACALCO,122
467,2019,Diciembre,IZTACALCO,144
468,2020,Enero,IZTACALCO,109
469,2020,Febrero,IZTACALCO,152
470,2020,Marzo,IZTACALCO,167
471,2020,Abril,IZTACALCO,98
472,2020,Mayo,IZTACALCO,96
480,2016,Enero,IZTAPALAPA,276
481,2016,Febrero,IZTAPALAPA,348
482,2016,Marzo,IZTAPALAPA,345
483,2016,Abril,IZTAPALAPA,359
484,2016,Mayo,IZTAPALAPA,393
485,2016,Junio,IZTAPALAPA,372
486,2016,Julio,IZTAPALAPA,303
487,2016,Agosto,IZTAPALAPA,336
488,2016,Septiembre,IZTAPALAPA,337
489,2016,Octubre,IZTAPALAPA,329
490,2016,Noviembre,IZTAPALAPA,286
491,2016,Diciembre,IZTAPALAPA,297
492,2017,Enero,IZTAPALAPA,265
493,2017,Febrero,IZTAPALAPA,291
494,2017,Marzo,IZTAPALAPA,337
495,2017,Abril,IZTAPALAPA,332
496,2017,Mayo,IZTAPALAPA,366
497,2017,Junio,IZTAPALAPA,306
498,2017,Julio,IZTAPALAPA,288
499,2017,Agosto,IZTAPALAPA,324
500,2017,Septiembre,IZTAPALAPA,330
501,2017,Octubre,IZTAPALAPA,320
502,2017,Noviembre,IZTAPALAPA,260
503,2017,Diciembre,IZTAPALAPA,271
504,2018,Enero,IZTAPALAPA,234
505,2018,Febrero,IZTAPALAPA,271
506,2018,Marzo,IZTAPALAPA,261
507,2018,Abril,IZTAPALAPA,334
508,2018,Mayo,IZTAPALAPA,335
509,2018,Junio,IZTAPALAPA,288
510,2018,Julio,IZTAPALAPA,310
511,2018,Agosto,IZTAPALAPA,265
512,2018,Septiembre,IZTAPALAPA,291
513,2018,Octubre,IZTAPALAPA,262
514,2018,Noviembre,IZTAPALAPA,232
515,2018,Diciembre,IZTAPALAPA,278
516,2019,Enero,IZTAPALAPA,269
517,2019,Febrero,IZTAPALAPA,322
518,2019,Marzo,IZTAPALAPA,406
519,2019,Abril,IZTAPALAPA,389
520,2019,Mayo,IZTAPALAPA,472
521,2019,Junio,IZTAPALAPA,393
522,2019,Julio,IZTAPALAPA,402
523,2019,Agosto,IZTAPALAPA,407
524,2019,Septiembre,IZTAPALAPA,390
525,2019,Octubre,IZTAPALAPA,421
526,2019,Noviembre,IZTAPALAPA,398
527,2019,Diciembre,IZTAPALAPA,367
528,2020,Enero,IZTAPALAPA,350
529,2020,Febrero,IZTAPALAPA,441
530,2020,Marzo,IZTAPALAPA,498
531,2020,Abril,IZTAPALAPA,296
532,2020,Mayo,IZTAPALAPA,242
540,2016,Enero,LA MAGDALENA CONTRERAS,34
541,2016,Febrero,LA MAGDALENA CONTRERAS,44
542,2016,Marzo,LA MAGDALENA CONTRERAS,40
543,2016,Abril,LA MAGDALENA CONTRERAS,47
544,2016,Mayo,LA MAGDALENA CONTRERAS,61
545,2016,Junio,LA MAGDALENA CONTRERAS,50
546,2016,Julio,LA MAGDALENA CONTRERAS,45
547,2016,Agosto,LA MAGDALENA CONTRERAS,71
548,2016,Septiembre,LA MAGDALENA CONTRERAS,48
549,2016,Octubre,LA MAGDALENA CONTRERAS,48
550,2016,Noviembre,LA MAGDALENA CONTRERAS,61
551,2016,Diciembre,LA MAGDALENA CONTRERAS,53
552,2017,Enero,LA MAGDALENA CONTRERAS,58
553,2017,Febrero,LA MAGDALENA CONTRERAS,45
554,2017,Marzo,LA MAGDALENA CONTRERAS,54
555,2017,Abril,LA MAGDALENA CONTRERAS,49
556,2017,Mayo,LA MAGDALENA CONTRERAS,54
557,2017,Junio,LA MAGDALENA CONTRERAS,66
558,2017,Julio,LA MAGDALENA CONTRERAS,59
559,2017,Agosto,LA MAGDALENA CONTRERAS,67
560,2017,Septiembre,LA MAGDALENA CONTRERAS,54
561,2017,Octubre,LA MAGDALENA CONTRERAS,72
562,2017,Noviembre,LA MAGDALENA CONTRERAS,59
563,2017,Diciembre,LA MAGDALENA CONTRERAS,47
564,2018,Enero,LA MAGDALENA CONTRERAS,67
565,2018,Febrero,LA MAGDALENA CONTRERAS,50
566,2018,Marzo,LA MAGDALENA CONTRERAS,77
567,2018,Abril,LA MAGDALENA CONTRERAS,84
568,2018,Mayo,LA MAGDALENA CONTRERAS,96
569,2018,Junio,LA MAGDALENA CONTRERAS,70
570,2018,Julio,LA MAGDALENA CONTRERAS,73
571,2018,Agosto,LA MAGDALENA CONTRERAS,60
572,2018,Septiembre,LA MAGDALENA CONTRERAS,57
573,2018,Octubre,LA MAGDALENA CONTRERAS,84
574,2018,Noviembre,LA MAGDALENA CONTRERAS,51
575,2018,Diciembre,LA MAGDALENA CONTRERAS,64
576,2019,Enero,LA MAGDALENA CONTRERAS,57
577,2019,Febrero,LA MAGDALENA CONTRERAS,77
578,2019,Marzo,LA MAGDALENA CONTRERAS,82
579,2019,Abril,LA MAGDALENA CONTRERAS,87
580,2019,Mayo,LA MAGDALENA CONTRERAS,84
581,2019,Junio,LA MAGDALENA CONTRERAS,98
582,2019,Julio,LA MAGDALENA CONTRERAS,66
583,2019,Agosto,LA MAGDALENA CONTRERAS,74
584,2019,Septiembre,LA MAGDALENA CONTRERAS,71
585,2019,Octubre,LA MAGDALENA CONTRERAS,64
586,2019,Noviembre,LA MAGDALENA CONTRERAS,75
587,2019,Diciembre,LA MAGDALENA CONTRERAS,66
588,2020,Enero,LA MAGDALENA CONTRERAS,81
589,2020,Febrero,LA MAGDALENA CONTRERAS,88
590,2020,Marzo,LA MAGDALENA CONTRERAS,93
591,2020,Abril,LA MAGDALENA CONTRERAS,55
592,2020,Mayo,LA MAGDALENA CONTRERAS,55
600,2016,Enero,MIGUEL HIDALGO,39
601,2016,Febrero,MIGUEL HIDALGO,57
602,2016,Marzo,MIGUEL HIDALGO,63
603,2016,Abril,MIGUEL HIDALGO,65
604,2016,Mayo,MIGUEL HIDALGO,63
605,2016,Junio,MIGUEL HIDALGO,58
606,2016,Julio,MIGUEL HIDALGO,37
607,2016,Agosto,MIGUEL HIDALGO,58
608,2016,Septiembre,MIGUEL HIDALGO,48
609,2016,Octubre,MIGUEL HIDALGO,49
610,2016,Noviembre,MIGUEL HIDALGO,36
611,2016,Diciembre,MIGUEL HIDALGO,47
612,2017,Enero,MIGUEL HIDALGO,49
613,2017,Febrero,MIGUEL HIDALGO,52
614,2017,Marzo,MIGUEL HIDALGO,43
615,2017,Abril,MIGUEL HIDALGO,39
616,2017,Mayo,MIGUEL HIDALGO,55
617,2017,Junio,MIGUEL HIDALGO,57
618,2017,Julio,MIGUEL HIDALGO,37
619,2017,Agosto,MIGUEL HIDALGO,57
620,2017,Septiembre,MIGUEL HIDALGO,50
621,2017,Octubre,MIGUEL HIDALGO,54
622,2017,Noviembre,MIGUEL HIDALGO,46
623,2017,Diciembre,MIGUEL HIDALGO,46
624,2018,Enero,MIGUEL HIDALGO,47
625,2018,Febrero,MIGUEL HIDALGO,43
626,2018,Marzo,MIGUEL HIDALGO,49
627,2018,Abril,MIGUEL HIDALGO,42
628,2018,Mayo,MIGUEL HIDALGO,55
629,2018,Junio,MIGUEL HIDALGO,52
630,2018,Julio,MIGUEL HIDALGO,53
631,2018,Agosto,MIGUEL HIDALGO,32
632,2018,Septiembre,MIGUEL HIDALGO,43
633,2018,Octubre,MIGUEL HIDALGO,58
634,2018,Noviembre,MIGUEL HIDALGO,53
635,2018,Diciembre,MIGUEL HIDALGO,55
636,2019,Enero,MIGUEL HIDALGO,53
637,2019,Febrero,MIGUEL HIDALGO,55
638,2019,Marzo,MIGUEL HIDALGO,89
639,2019,Abril,MIGUEL HIDALGO,78
640,2019,Mayo,MIGUEL HIDALGO,81
641,2019,Junio,MIGUEL HIDALGO,90
642,2019,Julio,MIGUEL HIDALGO,73
643,2019,Agosto,MIGUEL HIDALGO,75
644,2019,Septiembre,MIGUEL HIDALGO,81
645,2019,Octubre,MIGUEL HIDALGO,86
646,2019,Noviembre,MIGUEL HIDALGO,68
647,2019,Diciembre,MIGUEL HIDALGO,71
648,2020,Enero,MIGUEL HIDALGO,77
649,2020,Febrero,MIGUEL HIDALGO,105
650,2020,Marzo,MIGUEL HIDALGO,104
651,2020,Abril,MIGUEL HIDALGO,86
652,2020,Mayo,MIGUEL HIDALGO,82
660,2016,Enero,MILPA ALTA,19
661,2016,Febrero,MILPA ALTA,9
662,2016,Marzo,MILPA ALTA,22
663,2016,Abril,MILPA ALTA,25
664,2016,Mayo,MILPA ALTA,15
665,2016,Junio,MILPA ALTA,22
666,2016,Julio,MILPA ALTA,22
667,2016,Agosto,MILPA ALTA,29
668,2016,Septiembre,MILPA ALTA,19
669,2016,Octubre,MILPA ALTA,19
670,2016,Noviembre,MILPA ALTA,14
671,2016,Diciembre,MILPA ALTA,21
672,2017,Enero,MILPA ALTA,18
673,2017,Febrero,MILPA ALTA,17
674,2017,Marzo,MILPA ALTA,22
675,2017,Abril,MILPA ALTA,30
676,2017,Mayo,MILPA ALTA,17
677,2017,Junio,MILPA ALTA,31
678,2017,Julio,MILPA ALTA,30
679,2017,Agosto,MILPA ALTA,20
680,2017,Septiembre,MILPA ALTA,26
681,2017,Octubre,MILPA ALTA,26
682,2017,Noviembre,MILPA ALTA,22
683,2017,Diciembre,MILPA ALTA,17
684,2018,Enero,MILPA ALTA,24
685,2018,Febrero,MILPA ALTA,35
686,2018,Marzo,MILPA ALTA,23
687,2018,Abril,MILPA ALTA,32
688,2018,Mayo,MILPA ALTA,34
689,2018,Junio,MILPA ALTA,28
690,2018,Julio,MILPA ALTA,24
691,2018,Agosto,MILPA ALTA,29
692,2018,Septiembre,MILPA ALTA,36
693,2018,Octubre,MILPA ALTA,37
694,2018,Noviembre,MILPA ALTA,24
695,2018,Diciembre,MILPA ALTA,18
696,2019,Enero,MILPA ALTA,32
697,2019,Febrero,MILPA ALTA,26
698,2019,Marzo,MILPA ALTA,42
699,2019,Abril,MILPA ALTA,44
700,2019,Mayo,MILPA ALTA,38
701,2019,Junio,MILPA ALTA,28
702,2019,Julio,MILPA ALTA,30
703,2019,Agosto,MILPA ALTA,42
704,2019,Septiembre,MILPA ALTA,36
705,2019,Octubre,MILPA ALTA,29
706,2019,Noviembre,MILPA ALTA,38
707,2019,Diciembre,MILPA ALTA,28
708,2020,Enero,MILPA ALTA,18
709,2020,Febrero,MILPA ALTA,34
710,2020,Marzo,MILPA ALTA,48
711,2020,Abril,MILPA ALTA,30
712,2020,Mayo,MILPA ALTA,22
720,2016,Enero,TLAHUAC,40
721,2016,Febrero,TLAHUAC,50
722,2016,Marzo,TLAHUAC,70
723,2016,Abril,TLAHUAC,60
724,2016,Mayo,TLAHUAC,76
725,2016,Junio,TLAHUAC,62
726,2016,Julio,TLAHUAC,56
727,2016,Agosto,TLAHUAC,68
728,2016,Septiembre,TLAHUAC,68
729,2016,Octubre,TLAHUAC,83
730,2016,Noviembre,TLAHUAC,57
731,2016,Diciembre,TLAHUAC,54
732,2017,Enero,TLAHUAC,64
733,2017,Febrero,TLAHUAC,63
734,2017,Marzo,TLAHUAC,83
735,2017,Abril,TLAHUAC,62
736,2017,Mayo,TLAHUAC,69
737,2017,Junio,TLAHUAC,82
738,2017,Julio,TLAHUAC,52
739,2017,Agosto,TLAHUAC,74
740,2017,Septiembre,TLAHUAC,60
741,2017,Octubre,TLAHUAC,54
742,2017,Noviembre,TLAHUAC,58
743,2017,Diciembre,TLAHUAC,77
744,2018,Enero,TLAHUAC,87
745,2018,Febrero,TLAHUAC,68
746,2018,Marzo,TLAHUAC,89
747,2018,Abril,TLAHUAC,93
748,2018,Mayo,TLAHUAC,97
749,2018,Junio,TLAHUAC,77
750,2018,Julio,TLAHUAC,68
751,2018,Agosto,TLAHUAC,73
752,2018,Septiembre,TLAHUAC,54
753,2018,Octubre,TLAHUAC,63
754,2018,Noviembre,TLAHUAC,74
755,2018,Diciembre,TLAHUAC,68
756,2019,Enero,TLAHUAC,49
757,2019,Febrero,TLAHUAC,79
758,2019,Marzo,TLAHUAC,78
759,2019,Abril,TLAHUAC,80
760,2019,Mayo,TLAHUAC,92
761,2019,Junio,TLAHUAC,85
762,2019,Julio,TLAHUAC,106
763,2019,Agosto,TLAHUAC,118
764,2019,Septiembre,TLAHUAC,104
765,2019,Octubre,TLAHUAC,113
766,2019,Noviembre,TLAHUAC,73
767,2019,Diciembre,TLAHUAC,91
768,2020,Enero,TLAHUAC,89
769,2020,Febrero,TLAHUAC,122
770,2020,Marzo,TLAHUAC,124
771,2020,Abril,TLAHUAC,73
772,2020,Mayo,TLAHUAC,64
780,2016,Enero,TLALPAN,85
781,2016,Febrero,TLALPAN,91
782,2016,Marzo,TLALPAN,94
783,2016,Abril,TLALPAN,114
784,2016,Mayo,TLALPAN,125
785,2016,Junio,TLALPAN,134
786,2016,Julio,TLALPAN,130
787,2016,Agosto,TLALPAN,130
788,2016,Septiembre,TLALPAN,147
789,2016,Octubre,TLALPAN,136
790,2016,Noviembre,TLALPAN,113
791,2016,Diciembre,TLALPAN,112
792,2017,Enero,TLALPAN,130
793,2017,Febrero,TLALPAN,96
794,2017,Marzo,TLALPAN,119
795,2017,Abril,TLALPAN,121
796,2017,Mayo,TLALPAN,139
797,2017,Junio,TLALPAN,115
798,2017,Julio,TLALPAN,123
799,2017,Agosto,TLALPAN,149
800,2017,Septiembre,TLALPAN,146
801,2017,Octubre,TLALPAN,126
802,2017,Noviembre,TLALPAN,124
803,2017,Diciembre,TLALPAN,105
804,2018,Enero,TLALPAN,133
805,2018,Febrero,TLALPAN,118
806,2018,Marzo,TLALPAN,159
807,2018,Abril,TLALPAN,140
808,2018,Mayo,TLALPAN,175
809,2018,Junio,TLALPAN,133
810,2018,Julio,TLALPAN,137
811,2018,Agosto,TLALPAN,108
812,2018,Septiembre,TLALPAN,116
813,2018,Octubre,TLALPAN,131
814,2018,Noviembre,TLALPAN,127
815,2018,Diciembre,TLALPAN,125
816,2019,Enero,TLALPAN,127
817,2019,Febrero,TLALPAN,135
818,2019,Marzo,TLALPAN,165
819,2019,Abril,TLALPAN,146
820,2019,Mayo,TLALPAN,178
821,2019,Junio,TLALPAN,173
822,2019,Julio,TLALPAN,209
823,2019,Agosto,TLALPAN,186
824,2019,Septiembre,TLALPAN,157
825,2019,Octubre,TLALPAN,130
826,2019,Noviembre,TLALPAN,134
827,2019,Diciembre,TLALPAN,151
828,2020,Enero,TLALPAN,132
829,2020,Febrero,TLALPAN,149
830,2020,Marzo,TLALPAN,197
831,2020,Abril,TLALPAN,134
832,2020,Mayo,TLALPAN,95
840,2016,Enero,VENUSTIANO CARRANZA,72
841,2016,Febrero,VENUSTIANO CARRANZA,99
842,2016,Marzo,VENUSTIANO CARRANZA,79
843,2016,Abril,VENUSTIANO CARRANZA,87
844,2016,Mayo,VENUSTIANO CARRANZA,101
845,2016,Junio,VENUSTIANO CARRANZA,82
846,2016,Julio,VENUSTIANO CARRANZA,83
847,2016,Agosto,VENUSTIANO CARRANZA,83
848,2016,Septiembre,VENUSTIANO CARRANZA,80
849,2016,Octubre,VENUSTIANO CARRANZA,73
850,2016,Noviembre,VENUSTIANO CARRANZA,82
851,2016,Diciembre,VENUSTIANO CARRANZA,63
852,2017,Enero,VENUSTIANO CARRANZA,65
853,2017,Febrero,VENUSTIANO CARRANZA,74
854,2017,Marzo,VENUSTIANO CARRANZA,73
855,2017,Abril,VENUSTIANO CARRANZA,78
856,2017,Mayo,VENUSTIANO CARRANZA,86
857,2017,Junio,VENUSTIANO CARRANZA,95
858,2017,Julio,VENUSTIANO CARRANZA,64
859,2017,Agosto,VENUSTIANO CARRANZA,92
860,2017,Septiembre,VENUSTIANO CARRANZA,88
861,2017,Octubre,VENUSTIANO CARRANZA,95
862,2017,Noviembre,VENUSTIANO CARRANZA,67
863,2017,Diciembre,VENUSTIANO CARRANZA,68
864,2018,Enero,VENUSTIANO CARRANZA,95
865,2018,Febrero,VENUSTIANO CARRANZA,92
866,2018,Marzo,VENUSTIANO CARRANZA,111
867,2018,Abril,VENUSTIANO CARRANZA,104
868,2018,Mayo,VENUSTIANO CARRANZA,109
869,2018,Junio,VENUSTIANO CARRANZA,105
870,2018,Julio,VENUSTIANO CARRANZA,102
871,2018,Agosto,VENUSTIANO CARRANZA,109
872,2018,Septiembre,VENUSTIANO CARRANZA,124
873,2018,Octubre,VENUSTIANO CARRANZA,97
874,2018,Noviembre,VENUSTIANO CARRANZA,76
875,2018,Diciembre,VENUSTIANO CARRANZA,89
876,2019,Enero,VENUSTIANO CARRANZA,80
877,2019,Febrero,VENUSTIANO CARRANZA,73
878,2019,Marzo,VENUSTIANO CARRANZA,134
879,2019,Abril,VENUSTIANO CARRANZA,152
880,2019,Mayo,VENUSTIANO CARRANZA,156
881,2019,Junio,VENUSTIANO CARRANZA,139
882,2019,Julio,VENUSTIANO CARRANZA,131
883,2019,Agosto,VENUSTIANO CARRANZA,148
884,2019,Septiembre,VENUSTIANO CARRANZA,173
885,2019,Octubre,VENUSTIANO CARRANZA,133
886,2019,Noviembre,VENUSTIANO CARRANZA,122
887,2019,Diciembre,VENUSTIANO CARRANZA,129
888,2020,Enero,VENUSTIANO CARRANZA,142
889,2020,Febrero,VENUSTIANO CARRANZA,144
890,2020,Marzo,VENUSTIANO CARRANZA,189
891,2020,Abril,VENUSTIANO CARRANZA,88
892,2020,Mayo,VENUSTIANO CARRANZA,78
900,2016,Enero,XOCHIMILCO,67
901,2016,Febrero,XOCHIMILCO,83
902,2016,Marzo,XOCHIMILCO,67
903,2016,Abril,XOCHIMILCO,63
904,2016,Mayo,XOCHIMILCO,96
905,2016,Junio,XOCHIMILCO,107
906,2016,Julio,XOCHIMILCO,59
907,2016,Agosto,XOCHIMILCO,76
908,2016,Septiembre,XOCHIMILCO,59
909,2016,Octubre,XOCHIMILCO,71
910,2016,Noviembre,XOCHIMILCO,71
911,2016,Diciembre,XOCHIMILCO,81
912,2017,Enero,XOCHIMILCO,73
913,2017,Febrero,XOCHIMILCO,87
914,2017,Marzo,XOCHIMILCO,77
915,2017,Abril,XOCHIMILCO,98
916,2017,Mayo,XOCHIMILCO,86
917,2017,Junio,XOCHIMILCO,122
918,2017,Julio,XOCHIMILCO,111
919,2017,Agosto,XOCHIMILCO,105
920,2017,Septiembre,XOCHIMILCO,90
921,2017,Octubre,XOCHIMILCO,89
922,2017,Noviembre,XOCHIMILCO,77
923,2017,Diciembre,XOCHIMILCO,88
924,2018,Enero,XOCHIMILCO,86
925,2018,Febrero,XOCHIMILCO,94
926,2018,Marzo,XOCHIMILCO,80
927,2018,Abril,XOCHIMILCO,110
928,2018,Mayo,XOCHIMILCO,103
929,2018,Junio,XOCHIMILCO,82
930,2018,Julio,XOCHIMILCO,75
931,2018,Agosto,XOCHIMILCO,56
932,2018,Septiembre,XOCHIMILCO,64
933,2018,Octubre,XOCHIMILCO,85
934,2018,Noviembre,XOCHIMILCO,65
935,2018,Diciembre,XOCHIMILCO,83
936,2019,Enero,XOCHIMILCO,80
937,2019,Febrero,XOCHIMILCO,54
938,2019,Marzo,XOCHIMILCO,88
939,2019,Abril,XOCHIMILCO,81
940,2019,Mayo,XOCHIMILCO,143
941,2019,Junio,XOCHIMILCO,110
942,2019,Julio,XOCHIMILCO,117
943,2019,Agosto,XOCHIMILCO,106
944,2019,Septiembre,XOCHIMILCO,118
945,2019,Octubre,XOCHIMILCO,97
946,2019,Noviembre,XOCHIMILCO,93
947,2019,Diciembre,XOCHIMILCO,97
948,2020,Enero,XOCHIMILCO,94
949,2020,Febrero,XOCHIMILCO,114
950,2020,Marzo,XOCHIMILCO,162
951,2020,Abril,XOCHIMILCO,109
952,2020,Mayo,XOCHIMILCO,96
